/*
Navicat MySQL Data Transfer

Source Server         : 10.10.1.112
Source Server Version : 50611
Source Host           : 10.10.1.112:3306
Source Database       : exmec

Target Server Type    : MYSQL
Target Server Version : 50611
File Encoding         : 65001

Date: 2016-08-09 18:52:22
*/

SET FOREIGN_KEY_CHECKS=0;

-- ----------------------------
-- Records of appversion
-- ----------------------------
BEGIN;
INSERT INTO `appversion` VALUES ('2', 'android', '1', '2015-11-11', '', '适配android1.0以及以上版本', 'http://fir.im/z2rg', 'v1.0', '1', '', '', '', '');
COMMIT;

-- ----------------------------
-- Records of ec_logistics_freight
-- ----------------------------
BEGIN;
INSERT INTO `ec_logistics_freight` VALUES ('590adf6251b349cda6866bcc541ea6fe', '15', '1', '200', '2'), ('604752d22227489a9dd0498ae679646f', '0', '0', null, '0'), ('ced8ccf86f764371ab7066a3536f83f8', '0.01', '1', null, '1');
COMMIT;

-- ----------------------------
-- Records of sys_dictionaries
-- ----------------------------
BEGIN;
INSERT INTO `sys_dictionaries` VALUES ('034e49271a6c415a84f2462a71849b82', '370*462', '370*462', '370*462', '370*462', '370*462', 'appmeetpic1', '2', '48b8a90f23e84168838b25e866fefb82', 'app优惠活动图片1尺寸配置', '', '', '', ''), ('05b1df3e7745459fbbc8c7cd130e193b', '港中能达', '港中能达', '港中能达', '港中能达', '港中能达', 'ganzhongnengda', '15', '506300e5ddd24a9dac7ec8a45f74b536', '港中能达', '', '', null, null), ('068051eefcb64cbcb9d6f82b3df99abd', '源伟丰快递', '源伟丰快递', '源伟丰快递', '源伟丰快递', '源伟丰快递', 'yuanweifeng', '75', '506300e5ddd24a9dac7ec8a45f74b536', '源伟丰快递', '', '', null, null), ('091ef062d17e47158da8ce73bd60d930', '宅急送', '宅急送', '宅急送', '宅急送', '宅急送', 'zhaijisong', '82', '506300e5ddd24a9dac7ec8a45f74b536', '宅急送', '', '', null, null), ('0a83e0afc0524f70a8463dd761bc92dc', '山东海红', '山东海红', '山东海红', '山东海红', '山东海红', 'haihongwangsong', '28', '506300e5ddd24a9dac7ec8a45f74b536', '山东海红', '', '', null, null), ('0c20a768cf4c4347b421d81b1a295ba7', '已完成', '已完成', '已完成', '已完成', '已完成', 'Complete', '4', 'bc2a3a146bd34cc5b9c76d6d8d99de9a', '已完成', '', '', null, null), ('0e43bb0af8904aaea0bb777e50577f02', '华宇物流', '华宇物流', '华宇物流', '华宇物流', '华宇物流', 'tiandihuayu', '21', '506300e5ddd24a9dac7ec8a45f74b536', '华宇物流', '', '', null, null), ('13254ef8950e4a1bae673a6555d29641', '小二专题', '小二专题', '小二专题', '小二专题', '小二专题', 'ACTIVE_TYPE_XEZT', '3', '50b617f54fab49998fe6470496b404ff', '', '', '', null, null), ('143f32e6828b4fa580b120e1469324ce', '优速物流', '优速物流', '优速物流', '优速物流', '优速物流', 'youshuwuliu', '63', '506300e5ddd24a9dac7ec8a45f74b536', '优速物流', '', '', null, null), ('16a5372617eb48b0888af139290d8bbd', '速尔物流', '速尔物流', '速尔物流', '速尔物流', '速尔物流', 'suer', '57', '506300e5ddd24a9dac7ec8a45f74b536', '速尔物流', '', '', null, null), ('1b0e21b172e948e2af07ad7d53205ec7', '已换货', '已换货', '已换货', '已换货', '已换货', 'Have_To_Exchange', '12', 'bc2a3a146bd34cc5b9c76d6d8d99de9a', '', '', '', null, null), ('1b22870afa154d16b8da569f8f58fa33', '运通快递', '运通快递', '运通快递', '运通快递', '运通快递', 'yuntongkuaidi', '70', '506300e5ddd24a9dac7ec8a45f74b536', '运通快递', '', '', null, null), ('1e566922f957442fafbc0cdc7b1c9228', '龙邦物流', '龙邦物流', '龙邦物流', '龙邦物流', '龙邦物流', 'longbanwuliu', '42', '506300e5ddd24a9dac7ec8a45f74b536', '龙邦物流', '', '', null, null), ('215ff38046db4fa98c7b9e8a204c8aeb', '穗佳物流', '穗佳物流', '穗佳物流', '穗佳物流', '穗佳物流', 'suijiawuliu', '62', '506300e5ddd24a9dac7ec8a45f74b536', '穗佳物流', '', '', null, null), ('2168563419ca4c22b1b10bac5ac5505a', '精致单品', '精致单品', '精致单品', '精致单品', '精致单品', 'delicacy', '4', '8a6f597527e04a35a9baaa82658c6b51', '精致单品的图片尺寸', '', '', null, null), ('2229e3656a6041e7aca4d46555bc85e1', '百福东方', '百福东方', '百福东方', '百福东方', '百福东方', 'baifudongfang', '3', '506300e5ddd24a9dac7ec8a45f74b536', '', '', '', null, null), ('254f3e9025734e8e9d7752f48054fa71', '嘉里大通', '嘉里大通', '嘉里大通', '嘉里大通', '嘉里大通', 'jialidatong', '37', '506300e5ddd24a9dac7ec8a45f74b536', '嘉里大通', '', '', null, null), ('28de585f66ee4518bf16af156900e9cd', '285*241', '285*241', '285*241', '285*241', '285*241', 'pcmeetpic5', '9', '48b8a90f23e84168838b25e866fefb82', 'pc优惠活动图片5尺寸配置', '', '', '', ''), ('2988e11b9bf34cf58bd10ddbf7ef73d0', '352*338', '352*338', '352*338', '352*338', '352*338', 'appactivexeztpro', '5', 'ec17ad84b6af49b6927abf9bd149654a', '小二专题活动的特殊产品图尺寸控制提醒，app首页的楼层商品腿甲尺寸一致', '', '', '', ''), ('2a67e5e437f6493c93b96a6c2db9939f', '570*244', '570*244', '570*244', '570*244', '570*244', 'pcactivepro', '3', 'ec17ad84b6af49b6927abf9bd149654a', '主题活动pc产品图片尺寸', '', '', '', ''), ('2bea76528ee745c3929cb792b8b02c21', '楼层管理', '楼层管理', '楼层管理', '楼层管理', '楼层管理', 'floor', '6', '8a6f597527e04a35a9baaa82658c6b51', '楼层图片的管理', '', '', null, null), ('2c31baa36f8b4e65af6c656fc889699c', '递四方', '递四方', '递四方', '递四方', '递四方', 'disifang', '9', '506300e5ddd24a9dac7ec8a45f74b536', '递四方', '', '', null, null), ('2c9d19c1467e4e0d824676af4077f3b9', '百世汇通', '百世汇通', '百世汇通', '百世汇通', '百世汇通', 'huitongkuaidi', '2', '506300e5ddd24a9dac7ec8a45f74b536', '', '', '', null, null), ('2e2a82796876464993fe8d90e2ba2eb1', '海外环球', '海外环球', '海外环球', '海外环球', '海外环球', 'haiwaihuanqiu', '25', '506300e5ddd24a9dac7ec8a45f74b536', '海外环球', '', '', null, null), ('3002d54e438344529ea1150cc3099855', '586*241', '586*241', '586*241', '586*241', '586*241', 'pcmeetpic4', '7', '48b8a90f23e84168838b25e866fefb82', 'pc优惠活动图片4尺寸配置', '', '', '', ''), ('30edb22deda149b3bd5a615f9d7ff08e', 'GLSGLS', 'GLS', 'GLS', 'GLS', 'GLS', 'gls', '18', '506300e5ddd24a9dac7ec8a45f74b536', 'GLS', '', '', null, null), ('32752af42bfe4524a7bc461c520e3df9', '隆浪快递', '隆浪快递', '隆浪快递', '隆浪快递', '隆浪快递', 'longlangkuaidi', '44', '506300e5ddd24a9dac7ec8a45f74b536', '隆浪快递', '', '', null, null), ('32d2572016d6471d82a7247b576beb32', '风行天下', '风行天下', '风行天下', '风行天下', '风行天下', 'fengxingtianxia', '13', '506300e5ddd24a9dac7ec8a45f74b536', '风行天下', '', '', null, null), ('342cbdabc262408d82b43e0231fb6631', '585*585', '585*585', '585*585', '585*585', '585*585', 'pcproduct', '1', 'f8cc789cca124acd8aeec056c51abd8b', 'pc产品图片尺寸配置', '', '', '', ''), ('34aef00ab04d4c769856542781c7e4a8', '省市区', null, 'City Data Maintain', null, null, 'CDM', '2', '0', '商品上传时数据选择', null, '', null, null), ('35dc8556f015454dbdc9174684b9399b', '1920*600', '1920*600', '1920*600', '1920*600', '1920*600', 'pcactive', '1', 'ec17ad84b6af49b6927abf9bd149654a', 'pc主题活动的图片尺寸，中文简体为宽，英文为高', '', '', '', ''), ('380753e09fa142bba78c3cf94930cd59', '跨越物流', '跨越物流', '跨越物流', '跨越物流', '跨越物流', 'kuayue', '40', '506300e5ddd24a9dac7ec8a45f74b536', '跨越物流', '', '', null, null), ('3828f834b514411c9fe9cb5b2a779c16', '捷特快递', '捷特快递', '捷特快递', '捷特快递', '捷特快递', 'jietekuaidi', '35', '506300e5ddd24a9dac7ec8a45f74b536', '捷特快递', '', '', null, null), ('3c48ea2bf8ae407386dab363030ecd2f', '全际通', '全际通', '全际通', '全际通', '全际通', 'quanjitong', '51', '506300e5ddd24a9dac7ec8a45f74b536', '全际通', '', '', null, null), ('3dda4952cd594608aa3777fb11a421c8', '待付款', '待付款', '待付款', '待付款', '待付款', 'For_the_payment', '1', 'bc2a3a146bd34cc5b9c76d6d8d99de9a', '', '20160705/c4738d2d34414e85b544e501d718c0c7.png', '', null, null), ('3e2a4acd21fd4c209d576de85461fd88', '香港邮政', '香港邮政', '香港邮政', '香港邮政', '香港邮政', 'hkpost', '69', '506300e5ddd24a9dac7ec8a45f74b536', '香港邮政', '', '', null, null), ('3ee6393ece6149c0bf954a35fef548af', '一元云购', '一元云购', '一元云购', '一元云购', '一元云购', 'ACTIVE_TYPE_YYYG', '1', '50b617f54fab49998fe6470496b404ff', '', '', '', null, null), ('4071f5bdd2354a1cb42383bf81fcfa1a', '删除', '删除', '删除', '删除', '删除', '3', '3', '6266bdaf464b48eab123adf904fee46b', '删除的产品状态', '', '', null, null), ('441fcbe37847491e93525044aed49382', '轮播图片', '轮播图片', '轮播图片', '轮播图片', '轮播图片', 'indexshow', '5', '8a6f597527e04a35a9baaa82658c6b51', '轮播图片的尺寸限制', '', '', null, null), ('45f43777b2dc478bb416e24393d7da4f', '369*226', '369*226', '369*226', '369*226', '369*226', 'appmeetpic4', '8', '48b8a90f23e84168838b25e866fefb82', 'app优惠活动图片4尺寸配置', '', '', '', ''), ('46ffd121d539450893134f0460af9a6c', '1920*260', '1920*260', '1920*260', '1920*260', '1920*260', 'appindexshow', '2', '441fcbe37847491e93525044aed49382', 'app轮播图图片尺寸', '', '', '', ''), ('48b8a90f23e84168838b25e866fefb82', '优惠活动', '优惠活动', '优惠活动', '优惠活动', '优惠活动', 'meetpic', '3', '8a6f597527e04a35a9baaa82658c6b51', '优惠活动图片尺寸', '', '', null, null), ('498aefb0cef345fda599831e616e5ca7', '1125*450', '1125*450', '1125*450', '1125*450', '1125*450', 'appactivepro', '4', 'ec17ad84b6af49b6927abf9bd149654a', '主题活动app产品图片尺寸', '', '', '', ''), ('4ad6e08f8e474368a2e39e1124d2708e', '中天万运', '中天万运', '中天万运', '中天万运', '中天万运', 'zhongtianwanyun', '85', '506300e5ddd24a9dac7ec8a45f74b536', '中天万运', '', '', null, null), ('4bb678f218524a318e60c8ed1e54b5a7', '换货中', '换货中', '换货中', '换货中', '换货中', 'Exchange', '9', 'bc2a3a146bd34cc5b9c76d6d8d99de9a', '换货中', '', '', null, null), ('4e4a30c88d4c4891ad12cc9aab475241', '华企快运', '华企快运', '华企快运', '华企快运', '华企快运', 'huaqikuaiyun', '27', '506300e5ddd24a9dac7ec8a45f74b536', '华企快运', '', '', null, null), ('4f21b1375dfe4c5a805b00a81069f3c2', '盛辉物流', '盛辉物流', '盛辉物流', '盛辉物流', '盛辉物流', 'shenghuiwuliu', '56', '506300e5ddd24a9dac7ec8a45f74b536', '盛辉物流', '', '', null, null), ('4f6dfa80133c489c960d00569f6c8605', '国通快递', '国通快递', '国通快递', '国通快递', '国通快递', 'guotongkuaidi', '16', '506300e5ddd24a9dac7ec8a45f74b536', '国通快递', '', '', null, null), ('506300e5ddd24a9dac7ec8a45f74b536', '快递公司', '物流公司', 'logisticscompany', 'logisticscompany', 'logisticscompany', 'ec', '1', '0', '所有快递公司的父节点', '', '', null, null), ('50b617f54fab49998fe6470496b404ff', '主题活动类别', '主题活动类别', '主题活动类别', '主题活动类别', '主题活动类别', 'ACTIVE_TYPE', '1', '0', '目前就是四个主题', '', '', null, null), ('557f402a3cd641988cbb7c970c5af6e7', '明亮物流', '明亮物流', '明亮物流', '明亮物流', '明亮物流', 'mingliangwuliu', '47', '506300e5ddd24a9dac7ec8a45f74b536', '明亮物流', '', '', null, null), ('576c700548264b90ba0859532fab1036', 'BHT', 'BHT', 'BHT', 'BHT', 'BHT', 'bht', '4', '506300e5ddd24a9dac7ec8a45f74b536', '', '', '', null, null), ('590bae23f4784a59834782a574798f29', '待收货', '待收货', '待收货', '待收货', '待收货', 'For_the_goods', '3', 'bc2a3a146bd34cc5b9c76d6d8d99de9a', '', '20160701/3053c3db2eef49db9241cf5a241fbaff.png', '', null, null), ('59f78dfbb13c4ff5a67ccb80643d0c9c', '康力物流', '康力物流', '康力物流', '康力物流', '康力物流', 'kangliwuliu', '39', '506300e5ddd24a9dac7ec8a45f74b536', '康力物流', '', '', null, null), ('5b70949db45f4758a95c20b8e19cf3b0', '急先达', '急先达', '急先达', '急先达', '急先达', 'jixianda', '33', '506300e5ddd24a9dac7ec8a45f74b536', '急先达', '', '', null, null), ('5c44cd4910124d1a8b7bd4e9be220eec', '恒路物流', '恒路物流', '恒路物流', '恒路物流', '恒路物流', 'hengluwuliu', '22', '506300e5ddd24a9dac7ec8a45f74b536', '恒路物流', '', '', null, null), ('5c939683072940aeab6dffbfdd9e7bbd', 'D速快递', 'D速快递', 'D速快递', 'D速快递', 'D速快递', 'dsukuaidi', '8', '506300e5ddd24a9dac7ec8a45f74b536', '', '', '', null, null), ('5d8069481998489492a4be7ac43fce66', '门对门', '门对门', '门对门', '门对门', '门对门', 'menduimen', '45', '506300e5ddd24a9dac7ec8a45f74b536', '门对门', '', '', null, null), ('5dec7939d2a046b9b9992b80801429b4', '蓝镖快递', '蓝镖快递', '蓝镖快递', '蓝镖快递', '蓝镖快递', 'lanbiaokuaidi', '43', '506300e5ddd24a9dac7ec8a45f74b536', '蓝镖快递', '', '', null, null), ('60c12f3a039849698a9282da7c50a8ac', 'OCS', 'OCS', 'OCS', 'OCS', 'OCS', 'ocs', '48', '506300e5ddd24a9dac7ec8a45f74b536', 'OCS', '', '', null, null), ('624646e329334d69b49d000ccfa867c8', '中速快件', '中速快件', '中速快件', '中速快件', '中速快件', 'zhongsukuaidi', '84', '506300e5ddd24a9dac7ec8a45f74b536', '中速快件', '', '', null, null), ('6266bdaf464b48eab123adf904fee46b', '产品状态', '产品状态', '产品状态', '产品状态', '产品状态', 'productstate', '8', '0', '产品的状态', '', '', null, null), ('62937c73e8794b9783c1b462e09d3059', 'EMS', 'EMS', 'EMS', 'EMS', 'EMS', 'ems', '86', '506300e5ddd24a9dac7ec8a45f74b536', 'EMS', '', '', null, null), ('632e144ceb554193aa6e712781f51174', '共速达', '共速达', '共速达', '共速达', '共速达', 'gongsuda', '19', '506300e5ddd24a9dac7ec8a45f74b536', '共速达', '', '', null, null), ('64fc2fd19cf64f48ba3a08168fd9ded3', 'onTrac', 'onTrac', 'onTrac', 'onTrac', 'onTrac', 'ontrac', '49', '506300e5ddd24a9dac7ec8a45f74b536', 'onTrac', '', '', null, null), ('675f7aa87a6c470095f5536ccba9c5fa', '新蛋奥硕物流', '新蛋奥硕物流', '新蛋奥硕物流', '新蛋奥硕物流', '新蛋奥硕物流', 'neweggozzo', '68', '506300e5ddd24a9dac7ec8a45f74b536', '新蛋奥硕物流', '', '', null, null), ('692ecbc74edd4c6c90ed169f958b2fc7', '大田物流', '大田物流', '大田物流', '大田物流', '大田物流', 'datianwuliu', '7', '506300e5ddd24a9dac7ec8a45f74b536', '', '', '', null, null), ('69520a27b36142158907fc281926318f', '127*127', '127*127', '127*127', '127*127', '127*127', 'pcfloorpro2', '4', '2bea76528ee745c3929cb792b8b02c21', 'pc产品图片2尺寸配置,为楼层右侧上方的图片', '', '', '', ''), ('69825c6c7ef742f2a95cc2e8285bd5cc', '退货中', '退货中', '退货中', '退货中', '退货中', 'Return', '8', 'bc2a3a146bd34cc5b9c76d6d8d99de9a', '退货中', '', '', null, null), ('6c80b1d1c17c4fd6961a84df5f0a2e9b', '金大物流', '金大物流', '金大物流', '金大物流', '金大物流', 'jindawuliu', '36', '506300e5ddd24a9dac7ec8a45f74b536', '金大物流', '', '', null, null), ('6e812747ad9b4417b072d4a3c6156547', '1125*450', '1125*450', '1125*450', '1125*450', '1125*450', 'appactive', '2', 'ec17ad84b6af49b6927abf9bd149654a', 'app主题活动的图片尺寸，中文简体为宽，英文为高', '', '', '', ''), ('7194729efa994289ac79a5d07950ae5c', '369*226', '369*226', '369*226', '369*226', '369*226', 'appmeetpic3', '6', '48b8a90f23e84168838b25e866fefb82', 'app优惠活动图片3尺寸配置', '', '', '', ''), ('73ca23d097ac4deb85b1b8567529f026', '圆通速递', '圆通速递', '圆通速递', '圆通速递', '圆通速递', 'yuantong', '89', '506300e5ddd24a9dac7ec8a45f74b536', '圆通速递', '', '', null, null), ('753fe491c83a4f6199595d444bb0c953', '关于我们配置', '关于我们配置', '关于我们配置', '关于我们配置', '关于我们配置', 'about_us', '1', '961a5cc034db415ca08cba125497b716', '关于我们配置', '', 'ec_content', null, null), ('789e14acccc541ab96c5a529bcbb968d', '京广速递', '京广速递', '京广速递', '京广速递', '京广速递', 'jinguangsudikuaijian', '32', '506300e5ddd24a9dac7ec8a45f74b536', '京广速递', '', '', null, null), ('7a07e642dcc74d9dae19b1dbeb735770', '元智捷诚', '元智捷诚', '元智捷诚', '元智捷诚', '元智捷诚', 'yuanzhijiecheng', '74', '506300e5ddd24a9dac7ec8a45f74b536', '元智捷诚', '', '', null, null), ('7a37e334b00c4e588caf54d3144b8a96', '亚风速递', '亚风速递', '亚风速递', '亚风速递', '亚风速递', 'yafengsudi', '72', '506300e5ddd24a9dac7ec8a45f74b536', '亚风速递', '', '', null, null), ('7c77b4929a9e45ffa7bf26087f12f5e7', '支付配置', '支付配置', '支付配置', '支付配置', '支付配置', 'paycenter', '2', 'ea9b6725002c444e96cb3071185e5089', '支付配置', '', '', null, null), ('7d3fa9fb4fc24e62b88579d8986ee76e', '352*338', '352*338', '352*338', '352*338', '352*338', 'appfloorpro', '6', '2bea76528ee745c3929cb792b8b02c21', 'app楼层产品显示图片，尺寸一致', '', '', '', ''), ('7ea454d3f5434f588102704e180b5676', '美国快递', '美国快递', '美国快递', '美国快递', '美国快递', 'meiguokuaidi', '46', '506300e5ddd24a9dac7ec8a45f74b536', '美国快递', '', '', null, null), ('7f8cd06d65254b2ea74bc081d0547467', '新品特惠', '新品特惠', '新品特惠', '新品特惠', '新品特惠', 'ACTIVE_TYPE_XPTH', '4', '50b617f54fab49998fe6470496b404ff', '', '', '', null, null), ('7fbd048bfa794ed4b01e3b8185e871bd', '芝麻开门', '芝麻开门', '芝麻开门', '芝麻开门', '芝麻开门', 'zhimakaimen', '80', '506300e5ddd24a9dac7ec8a45f74b536', '芝麻开门', '', '', null, null), ('80c194eb25c147a986362b43fcb2816a', '快捷速递', '快捷速递', '快捷速递', '快捷速递', '快捷速递', 'kuaijiesudi', '38', '506300e5ddd24a9dac7ec8a45f74b536', '快捷速递', '', '', null, null), ('811628ef1e614873b661daf6043e3673', '待发货', '待发货', '待发货', '待发货', '待发货', 'To_send_the_goods', '2', 'bc2a3a146bd34cc5b9c76d6d8d99de9a', '', '20160701/d7e5918b469b4b538c2e2aaab72c5f71.png', '', null, null), ('821e92645c994016a000057f6d2150f4', '产品数据来源', '产品属性动态值配置', '产品属性动态值配置', '产品属性动态值配置', '产品属性动态值配置', 'DATA', '5', '0', '产品属性动态值配置', '20160630/574e616d32034bf78e3342b1a40ecab3.png', '', null, null), ('8639cdbc5ad14746b84507c05500112e', '飞康达物流', '飞康达物流', '飞康达物流', '飞康达物流', '飞康达物流', 'feikangda', '10', '506300e5ddd24a9dac7ec8a45f74b536', '飞康达物流', '', '', null, null), ('86fcb82be3d546978fdf2ef6134cfd9d', '广东邮政', '广东邮政', '广东邮政', '广东邮政', '广东邮政', 'guangdongyouzhengwuliu', '17', '506300e5ddd24a9dac7ec8a45f74b536', '广东邮政', '', '', null, null), ('891a94e58a9e40448a29bb7eff90e0a7', '海盟速递', '海盟速递', '海盟速递', '海盟速递', '海盟速递', 'haimengsudi', '26', '506300e5ddd24a9dac7ec8a45f74b536', '海盟速递', '', '', null, null), ('8a6f597527e04a35a9baaa82658c6b51', '图片尺寸配置', '图片尺寸配置', '图片尺寸配置', '图片尺寸配置', '图片尺寸配置', 'imageSize', '12', '0', '用于提示用户上传图片的尺寸和截取图片所有采用的比例', '', '', null, null), ('8d0c75e09cc3488fa7d5288183651f14', '已退货', '已退货', '已退货', '已退货', '已退货', 'Have_To_Return', '11', 'bc2a3a146bd34cc5b9c76d6d8d99de9a', '', '', '', null, null), ('8d74301b9e934f09963a044004678011', '圣安物流', '圣安物流', '圣安物流', '圣安物流', '圣安物流', 'shenganwuliu', '61', '506300e5ddd24a9dac7ec8a45f74b536', '圣安物流', '', '', null, null), ('90cf3f284ff14d62a58da27e8c5e6e8e', '汇强快递', '汇强快递', '汇强快递', '汇强快递', '汇强快递', 'huiqiangkuaidi', '20', '506300e5ddd24a9dac7ec8a45f74b536', '汇强快递', '', '', null, null), ('90e3ca0d70894b14b3cdd728b8e19617', '全日通', '全日通', '全日通', '全日通', '全日通', 'quanritongkuaidi', '52', '506300e5ddd24a9dac7ec8a45f74b536', '全日通', '', '', null, null), ('914aaf5fb79a4232bc160b304808ab66', '原飞航', '原飞航', '原飞航', '原飞航', '原飞航', 'yuanfeihangwuliu', '78', '506300e5ddd24a9dac7ec8a45f74b536', '原飞航', '', '', null, null), ('9315315fa5d34d9498a80d0b8e3d5bb3', '凡客如风达', '凡客如风达', '凡客如风达', '凡客如风达', '凡客如风达', 'rufengda', '12', '506300e5ddd24a9dac7ec8a45f74b536', '凡客如风达', '', '', null, null), ('93886daeeda84ef28cc91e9de642161c', '586*241', '586*241', '586*241', '586*241', '586*241', 'pcmeetpic3', '5', '48b8a90f23e84168838b25e866fefb82', 'pc优惠活动图片3尺寸配置', '', '', '', ''), ('939617ddcd1d4b83a277ee94f9b54c5a', '注册网络服务协议配置', '注册网络服务协议配置', '注册网络服务协议配置', '注册网络服务协议配置', '注册网络服务协议配置', 'network_service_prot', '2', '961a5cc034db415ca08cba125497b716', '注册网络服务协议配置', '', 'ec_content', null, null), ('951e1fb26da7410aa38a3977c867a2f2', '佳怡物流', '佳怡物流', '佳怡物流', '佳怡物流', '佳怡物流', 'jiayiwuliu', '30', '506300e5ddd24a9dac7ec8a45f74b536', '佳怡物流', '', '', null, null), ('9582428eb07745638db4b6e3ab76ac81', '联昊通', '联昊通', '联昊通', '联昊通', '联昊通', 'lianhaowuliu', '41', '506300e5ddd24a9dac7ec8a45f74b536', '联昊通', '', '', null, null), ('961a5cc034db415ca08cba125497b716', '基础设置内容来源', '基础设置内容来源', '基础设置内容来源', '基础设置内容来源', '基础设置内容来源', 'base_content', '10', '0', '基础设置中的“关于”、“网络服务协议”等等', '', 'ec_content', null, null);
INSERT INTO `sys_dictionaries` VALUES ('9a585a3ab3574011a716692928d08d9c', '286*548', '286*548', '286*548', '286*548', '286*548', 'pcfloorad', '2', '2bea76528ee745c3929cb792b8b02c21', 'pc楼层广告图尺寸', '', '', '', ''), ('9f07260a55ec4641bba93e13e5b0ed1b', '远成物流', '远成物流', '远成物流', '远成物流', '远成物流', 'yuanchengwuliu', '71', '506300e5ddd24a9dac7ec8a45f74b536', '远成物流', '', '', null, null), ('a0fa9395761446bbbfd460298e1a245f', '安信达', '安信达', '安信达', '安信达', '安信达', 'anxindakuaixi', '1', '506300e5ddd24a9dac7ec8a45f74b536', '', '', '', null, null), ('a326a56210ff4c1b8c2c559e32da5788', '品牌', '品牌', 'brand', '品牌', '品牌', 'BrandPP', '1', '821e92645c994016a000057f6d2150f4', '品牌', '', '', null, null), ('abc084da4f1940729176ef0be45578ab', '银捷速递', '银捷速递', '银捷速递', '银捷速递', '银捷速递', 'yinjiesudi', '81', '506300e5ddd24a9dac7ec8a45f74b536', '银捷速递', '', '', null, null), ('b1bd9323c2bf4d9abb226a73d69638af', '支付宝支付', '支付宝支付', '支付宝支付', '支付宝支付', '支付宝支付', 'alipay', '1', '7c77b4929a9e45ffa7bf26087f12f5e7', '支付宝支付', '', '', '0', null), ('b5d142faf87d40fc81a22df893da45eb', '华夏龙', '华夏龙', '华夏龙', '华夏龙', '华夏龙', 'huaxialongwuliu', '23', '506300e5ddd24a9dac7ec8a45f74b536', '华夏龙', '', '', null, null), ('b6408c8b9c4f4ec6acf8e1fa59b8ae0f', '全峰快递', '全峰快递', '全峰快递', '全峰快递', '全峰快递', 'quanfengkuaidi', '54', '506300e5ddd24a9dac7ec8a45f74b536', '全峰快递', '', '', null, null), ('b70bce16baf649dca9534ccf93fc58c5', '邦送物流', '邦送物流', '邦送物流', '邦送物流', '邦送物流', 'bangsongwuliu', '5', '506300e5ddd24a9dac7ec8a45f74b536', '', '', '', null, null), ('b7181a20f2ca4b3f85a252251451fe4d', '中通速递', '中通速递', '中通速递', '中通速递', '中通速递', 'zhongtong', '91', '506300e5ddd24a9dac7ec8a45f74b536', '中通速递', '', '', null, null), ('b71cdcae38ca4d3ca925d4011ce89836', '信丰物流', '信丰物流', '信丰物流', '信丰物流', '信丰物流', 'xinfengwuliu', '67', '506300e5ddd24a9dac7ec8a45f74b536', '信丰物流', '', '', null, null), ('b9916175d2f94ee992182f8327ab96a3', '韵达快运', '韵达快运', '韵达快运', '韵达快运', '韵达快运', 'yunda', '90', '506300e5ddd24a9dac7ec8a45f74b536', '韵达快运', '', '', null, null), ('b9b2c1bb6d7a407cb4575415394e4a78', '新邦物流', '新邦物流', '新邦物流', '新邦物流', '新邦物流', 'xinbangwuliu', '66', '506300e5ddd24a9dac7ec8a45f74b536', '新邦物流', '', '', null, null), ('bbca8694e1a1437b80eaef73572dd304', '赛澳递', '赛澳递', '赛澳递', '赛澳递', '赛澳递', 'saiaodi', '60', '506300e5ddd24a9dac7ec8a45f74b536', '赛澳递', '', '', null, null), ('bbe128ac93274ea4a29477adb1227adc', '上架', '上架', '上架', '上架', '上架', '1', '1', '6266bdaf464b48eab123adf904fee46b', '上架状态产品,用户可以购买', '', '', null, null), ('bc2a3a146bd34cc5b9c76d6d8d99de9a', '订单状态', '订单状态', 'ORDER_STATUS', '订单状态', '订单状态', 'ORDER_STATUS', '5', '0', '', '', '', null, null), ('c2f05ca46d1c476eb523e4cce00ae3a7', '三态速递', '三态速递', '三态速递', '三态速递', '三态速递', 'santaisudi', '55', '506300e5ddd24a9dac7ec8a45f74b536', '三态速递', '', '', null, null), ('c3c2721f229e4fa7aed4c5e6801eacd9', '飞豹快递', '飞豹快递', '飞豹快递', '飞豹快递', '飞豹快递', 'feibaokuaidi', '14', '506300e5ddd24a9dac7ec8a45f74b536', '飞豹快递', '', '', null, null), ('c6cd7e990c1f41168b430f2239573776', '越丰物流', '越丰物流', '越丰物流', '越丰物流', '越丰物流', 'yuefengwuliu', '76', '506300e5ddd24a9dac7ec8a45f74b536', '越丰物流', '', '', null, null), ('caa84d5cfbbe44c3b33c7e5cbff9d1a8', '186*186', '186*186', '186*186', '186*186', '186*186', 'pcfloorpro3', '5', '2bea76528ee745c3929cb792b8b02c21', 'pc产品图片3尺寸配置,为楼层右侧下方的图片', '', '', '', ''), ('d0e67296eff24168bfb4b06a78cd8c2b', '飞快达', '飞快达', '飞快达', '飞快达', '飞快达', 'feikuaida', '11', '506300e5ddd24a9dac7ec8a45f74b536', '飞快达', '', '', null, null), ('d432282f58124e45baa12d751f048487', '顺丰快递', '顺丰快递', '顺丰快递', '顺丰快递', '顺丰快递', 'shunfeng', '88', '506300e5ddd24a9dac7ec8a45f74b536', '顺丰快递', '', '', null, null), ('d93fcd2a356e4aa1aa47ac1464fde248', '1920*600', '1920*600', '1920*600', '1920*600', '1920*600', 'pcindexshow', '1', '441fcbe37847491e93525044aed49382', 'pc轮播图图片尺寸', '', '', '', ''), ('d97e738c6eae42f0b053139eec736106', '369*226', '369*226', '369*226', '369*226', '369*226', 'appmeetpic5', '10', '48b8a90f23e84168838b25e866fefb82', 'app优惠活动图片5尺寸配置', '', '', '', ''), ('d9c52fadb5b147219b1733f051ab42d8', '1186*110', '1186*110', '1186*110', '1186*110', '1186*110', 'pcfloorna', '1', '2bea76528ee745c3929cb792b8b02c21', 'pc楼层导航图尺寸', '', '', '', ''), ('da0482428ae24736852a8f3025d7ba2d', '585*585', '585*585', '585*585', '585*585', '585*585', 'appproduct', '2', 'f8cc789cca124acd8aeec056c51abd8b', 'app图片产品尺寸配置', '', '', '', ''), ('db1d2ba985794435b49c497392a2e94c', '176*244', '176*244', '176*244', '176*244', '176*244', 'appdelicacy', '2', '2168563419ca4c22b1b10bac5ac5505a', 'app精致单品产品图片尺寸', '', '', '', ''), ('dba2438dddf34ab9959caf3cd2cdc09f', '万家物流', '万家物流', '万家物流', '万家物流', '万家物流', 'wanjiawuliu', '64', '506300e5ddd24a9dac7ec8a45f74b536', '万家物流', '', '', null, null), ('ddaca12978f643a7ab59bde66d610d91', '佳吉物流', '佳吉物流', '佳吉物流', '佳吉物流', '佳吉物流', 'jiajiwuliu', '29', '506300e5ddd24a9dac7ec8a45f74b536', '佳吉物流', '', '', null, null), ('dee5cedd7e634531943c0396a1145b8e', '下架', '下架', '下架', '下架', '下架', '2', '2', '6266bdaf464b48eab123adf904fee46b', '下架状态产品,用户不可以购买', '', '', null, null), ('df47672cf28945db833ab1e5f2dcd55c', '盛丰物流', '盛丰物流', '盛丰物流', '盛丰物流', '盛丰物流', 'shengfengwuliu', '58', '506300e5ddd24a9dac7ec8a45f74b536', '盛丰物流', '', '', null, null), ('dfbb424156ba45c3b617ca8719c13796', '申通快递', '申通快递', '申通快递', '申通快递', '申通快递', 'shentong', '87', '506300e5ddd24a9dac7ec8a45f74b536', '申通快递', '', '', null, null), ('dfc00938e327460393428e6574a836df', '369*226', '369*226', '369*226', '369*226', '369*226', 'appmeetpic2', '4', '48b8a90f23e84168838b25e866fefb82', 'app优惠活动图片2尺寸配置', '', '', '', ''), ('e3f3936de1c6450fb810c51094162d43', '忠信达快递', '忠信达快递', '忠信达快递', '忠信达快递', '忠信达快递', 'zhongxinda', '79', '506300e5ddd24a9dac7ec8a45f74b536', '忠信达快递', '', '', null, null), ('e63231367963420cbd5bc49c202f6630', '限时抢购', '限时抢购', '限时抢购', '限时抢购', '限时抢购', 'ACTIVE_TYPE_XSQG', '2', '50b617f54fab49998fe6470496b404ff', '', '', '', null, null), ('e6bd7419f9de41539278c20402099c8c', '晋越快递', '晋越快递', '晋越快递', '晋越快递', '晋越快递', 'jinyuekuaidi', '34', '506300e5ddd24a9dac7ec8a45f74b536', '晋越快递', '', '', null, null), ('e7ccc2e036b7401f90e089cc8b1464f3', '传喜物流', '传喜物流', '传喜物流', '传喜物流', '传喜物流', 'chuanxiwuliu', '6', '506300e5ddd24a9dac7ec8a45f74b536', '', '', '', null, null), ('e7e42d3856f948928edb5988fde1fbd9', '186*186', '186*186', '186*186', '186*186', '186*186', 'pcfloorpro1', '3', '2bea76528ee745c3929cb792b8b02c21', 'pc产品图片1尺寸配置,为楼层产品中间区域的图片', '', '', '', ''), ('ea9b6725002c444e96cb3071185e5089', '物流运费', '物流运费', '物流运费', '物流运费', '物流运费', 'LogisticsFreight', '1', '0', '物流运费', '', '', null, null), ('ec17ad84b6af49b6927abf9bd149654a', '主题活动', '主题活动', '主题活动', '主题活动', '主题活动', 'active', '2', '8a6f597527e04a35a9baaa82658c6b51', '主题活动尺寸', '', '', null, null), ('ec89e79ee8e040f383c522bf10f5d5ea', '微信支付', '微信支付', '微信支付', '微信支付', '微信支付', 'wx_pay', '2', '7c77b4929a9e45ffa7bf26087f12f5e7', '微信支付', '', '', '0', null), ('ec93643c99d7408997333aefab3090d2', '编辑', '编辑', '编辑', '编辑', '编辑', '0', '4', '6266bdaf464b48eab123adf904fee46b', '', '', '', null, null), ('ece496ec519943a3abe0941081c5444e', '上大物流', '上大物流', '上大物流', '上大物流', '上大物流', 'shangda', '59', '506300e5ddd24a9dac7ec8a45f74b536', '上大物流', '', '', null, null), ('ed884821c3ba4724ad0a749e54ab135b', '商品类别', null, 'Commodity Structure Management', null, null, 'CSM', '1', '0', '功能：用于维护商品类别;影响：数据库表的创建', null, '', '0', null), ('ed9c2a23c8be4a7ba129229a7a0f2786', '全晨快递', '全晨快递', '全晨快递', '全晨快递', '全晨快递', 'quanchenkuaidi', '50', '506300e5ddd24a9dac7ec8a45f74b536', '全晨快递', '', '', null, null), ('eec80cb470c44e1ebbaa908c1694ffcb', '天天快递', '天天快递', '天天快递', '天天快递', '天天快递', 'tiantian', '24', '506300e5ddd24a9dac7ec8a45f74b536', '天天快递', '', '', null, null), ('f0b4f608e3754341b77d74e656e6841b', '280*496', '280*496', '280*496', '280*496', '280*496', 'pcmeetpic1', '1', '48b8a90f23e84168838b25e866fefb82', 'pc优惠活动图片1尺寸配置', '', '', '', ''), ('f25dc476186f4542b230df765665e1ca', '中邮物流', '中邮物流', '中邮物流', '中邮物流', '中邮物流', '中邮物流', '83', '506300e5ddd24a9dac7ec8a45f74b536', '中邮物流', '', '', null, null), ('f605aa6037244d818dad645bd2d231d4', '万象物流', '万象物流', '万象物流', '万象物流', '万象物流', 'wanxiangwuliu', '65', '506300e5ddd24a9dac7ec8a45f74b536', '万象物流', '', '', null, null), ('f6186030c89647e1b512697eecf92307', '一邦速递', '一邦速递', '一邦速递', '一邦速递', '一邦速递', 'yibangwuliu', '73', '506300e5ddd24a9dac7ec8a45f74b536', '一邦速递', '', '', null, null), ('f8cc789cca124acd8aeec056c51abd8b', '产品图', '产品图', '产品图', '产品图', '产品图', 'product', '1', '8a6f597527e04a35a9baaa82658c6b51', '', '', '', null, null), ('fa510bff18884411ab128314565ea40e', '全一快递', '全一快递', '全一快递', '全一快递', '全一快递', 'quanyikuaidi', '53', '506300e5ddd24a9dac7ec8a45f74b536', '全一快递', '', '', null, null), ('fa8cdbb282e144e1ba11461a9d3396c2', '285*241', '285*241', '285*241', '285*241', '285*241', 'pcmeetpic2', '3', '48b8a90f23e84168838b25e866fefb82', 'pc优惠活动图片2尺寸配置', '', '', '', ''), ('fa96fe1a0dc64a9d94fe6c5173a32c51', '源安达', '源安达', '源安达', '源安达', '源安达', 'yuananda', '77', '506300e5ddd24a9dac7ec8a45f74b536', '源安达', '', '', null, null), ('ff3d2ea267ed4da9ae6fc5d23807ad5d', '加运美', '加运美', '加运美', '加运美', '加运美', 'jiayunmeiwuliu', '31', '506300e5ddd24a9dac7ec8a45f74b536', '加运美', '', '', null, null), ('ff7b4d07d1fc465fbb382166df7b890d', '199*246', '199*246', '199*246', '199*246', '199*246', 'pcdelicacy', '1', '2168563419ca4c22b1b10bac5ac5505a', 'pc精致单品产品图片尺寸', '', '', '', '');
COMMIT;

-- ----------------------------
-- Records of sys_fhbutton
-- ----------------------------
BEGIN;
INSERT INTO `sys_fhbutton` VALUES ('0ab1634a196b4228ba8f8a8fb8c0c11c', '修改支付配置', 'payconfig_edit', '支付宝支付和微信支付的停用和启用'), ('1234fad0715d4726aa1d847f5b68c371', '营销管理之楼层添加功能', 'ad_floor_add', '营销管理之楼层添加功能权限控制'), ('1315f61e1d7440c1830aa93a59b5d3a4', '产品管理之删除', 'product_delete', '用户将产品删除'), ('211d98182f024dc19e80953192ee6a8b', '产品管理之上架操作', 'product_onsale', '用户将产品上架'), ('230261ea24914d87b636a5361ebb9519', '营销管理之楼层修改功能', 'ad_floor_edit', '营销管理之楼层修改功能权限控制'), ('2f49d24bbad04bf7951b61a92b6a4d88', '营销管理之限时抢购产品添加功能', 'ad_active_xsqg_add', '营销管理之限时抢购产品添加功能权限控制'), ('32248e62ae364975bdcce540f6e38ef3', '营销管理之优惠活动删除', 'ad_meetpic_del', '营销管理之优惠活动删除权限管理'), ('348af82aadb446459289ba07197bae00', '订单管理之查看订单列表', 'order_view', '后台用户查看订单列表'), ('3542adfbda73410c976e185ffe50ad06', '导出EXCEL', 'toExcel', '导出EXCEL'), ('3822d7f548e44d0a83d61b4441984038', '营销管理之轮播图删除', 'ad_indexshow_del', '营销管理的轮播图删除功能'), ('4593eeb4adb24fa28dd11ed94ba3f5ba', '产品管理之修改产品', 'product_update', '用户修改产品'), ('46992ea280ba4b72b29dedb0d4bc0106', '发邮件', 'email', '发送电子邮件'), ('4a26827d4f7449d48aafd753147cfa9c', '商品类别管理之添加类别属性', 'product_type_attr_add', '商品类别管理之添加类别属性权限控制'), ('4efa162fce8340f0bd2dcd3b11d327ec', '导入EXCEL', 'FromExcel', '导入EXCEL到系统用户'), ('4f928dca282f4561b7025dd2d3fa535d', '查看支付配置', 'payconfig_view', '后台查看支付配置列表'), ('4fcd3e8cc6464588987f7016786f98b7', '营销管理之轮播图添加', 'ad_indexshow_add', '营销管理的轮播图添加功能'), ('536572d2c70142f197f84fbdff9bbfd8', '营销管理之精致单品推荐添加功能', 'ad_delicacy_add', '营销管理之精致单品推荐添加功能权限控制'), ('5fbab059d47347738cc3183be7708277', '产品管理之下架操作', 'product_offsale', '用户将产品下架'), ('6ad6e8d4a93a4683881a6a454fdbdb5c', '营销管理之新品特惠产品删除功能', 'ad_active_xpth_del', '营销管理之新品特惠产品删除功能权限控制'), ('7526b778e3ee448ca6b8d229f6a9b2b2', '商品类别管理之类别停用按钮功能', 'product_type_edit', '商品类别管理之类别停用按钮功能权限控制'), ('777f80a62d764695a5e7c5ab6f1f8add', '商品类别管理之删除类别属性', 'product_type_attr_del', '商品类别管理之删除类别属性权限控制'), ('935757810eda411888926ded95f1f93f', '营销管理之精致单品删除推荐功能', 'ad_delicacy_del', '营销管理之精致单品删除推荐功能权限控制'), ('9a833b6040514a9e93d689e26a02d431', '商品类别管理之类别创建功能', 'product_type_add', '商品类别管理之类别创建功能权限控制'), ('9be472dbbcbc4f9b86dea36979c28e51', '营销管理之优惠活动添加', 'ad_meetpic_add', '营销管理之优惠活动添加权限控制'), ('a4c179cb8663467db7c3fe0a34af1d6a', '营销管理之小二专题活动产品添加功能', 'ad_active_xezt_add', '营销管理之小二专题活动产品添加功能权限控制'), ('b61c3642aa0043b5a7104019e2bfacb2', '营销管理之楼层删除功能', 'ad_floor_del', '营销管理之楼层删除功能权限控制'), ('b6bc284aa45b4ed79d70cdcf2ea64bb1', '订单管理之发货', 'order_SendGoods', '后台的订单管理发货'), ('b94ab3556a404e67bc0616674e5848e4', '产品管理之保存', 'product_save', '用户保存产品'), ('bab9470a1d88445d8641975a1ea867b2', '商品类别管理之结构体系添加功能', 'product_type_cons_add', '商品类别管理之结构体系添加功能权限控制'), ('cc51b694d5344d28a9aa13c84b7166cd', '发短信', 'sms', '发送短信'), ('da7fd386de0b49ce809984f5919022b8', '站内信', 'FHSMS', '发送站内信'), ('dee3da54e9cf4fdcb24c402ae1b2839e', '商品类别管理之结构体系删除功能', 'product_type_cons_del', '商品类别管理之结构体系删除功能权限控制'), ('e1dcf071a6a34d7b9a86ba6694b43e80', '营销管理之小二专题活动产品删除功能', 'ad_active_xezt_del', '营销管理之小二专题活动产品删除功能权限控制'), ('e394c9efc5824873af83c5fd8857353f', '营销管理之限时抢购产品删除功能', 'ad_active_xsqg_del', '营销管理之限时抢购产品删除功能权限控制'), ('e4a3967a0e914c03afc9047122561523', '商品类别管理之结构体系修改功能', 'product_type_cons_edit', '商品类别管理之结构体系修改功能权限控制'), ('e8f663851eb64be791719b6c34d470d1', '营销管理之新品特惠产品添加功能', 'ad_active_xpth_add', '营销管理之新品特惠产品添加功能权限控制'), ('ea24f51c02544c7790e1847e14904acf', '营销管理之限时抢购活动维护功能', 'ad_active_xsqg_na_add', '营销管理之限时抢购活动维护功能权限控制'), ('f9984c199e17493d95cb6b8a1337d242', '营销管理之小二专题活动维护功能', 'ad_active_xezt_na_add', '营销管理之小二专题活动维护功能'), ('fe7d77bcfeed43d8b8c61e38f679591d', '营销管理之新品特惠活动维护功能', 'ad_active_xpth_na_add', '营销管理之新品特惠活动维护功能权限控制');
COMMIT;

-- ----------------------------
-- Records of sys_menu
-- ----------------------------
BEGIN;
INSERT INTO `sys_menu` VALUES ('1', '系统管理', '#', '0', '10', 'menu-icon fa fa-desktop blue', '2', '1'), ('2', '权限管理', '#', '1', '1', 'menu-icon fa fa-lock black', '1', '1'), ('6', '信息管理', '#', '0', '6', 'menu-icon fa fa-credit-card green', '2', '1'), ('7', '图片管理', '#', '6', '1', 'menu-icon fa fa-folder-o pink', '2', '1'), ('8', '性能监控', 'druid/index.html', '9', '8', 'menu-icon fa fa-tachometer red', '1', '1'), ('9', '系统工具', '#', '0', '11', 'menu-icon fa fa-cog black', '2', '1'), ('10', '接口测试', 'tool/interfaceTest.do', '9', '2', 'menu-icon fa fa-exchange green', '1', '1'), ('11', '发送邮件', 'tool/goSendEmail.do', '9', '3', 'menu-icon fa fa-envelope-o green', '1', '1'), ('12', '置二维码', 'tool/goTwoDimensionCode.do', '9', '4', 'menu-icon fa fa-barcode green', '1', '1'), ('14', '地图工具', 'tool/map.do', '9', '6', 'menu-icon fa fa-globe black', '1', '1'), ('15', '微信管理', '#', '0', '9', 'menu-icon fa fa-comments purple', '2', '1'), ('16', '文本回复', 'textmsg/list.do', '15', '2', 'menu-icon fa fa-comment green', '2', '1'), ('17', '应用命令', 'command/list.do', '15', '4', 'menu-icon fa fa-comment grey', '2', '1'), ('18', '图文回复', 'imgmsg/list.do', '15', '3', 'menu-icon fa fa-comment pink', '2', '1'), ('19', '关注回复', 'textmsg/goSubscribe.do', '15', '1', 'menu-icon fa fa-comment orange', '2', '1'), ('20', '在线管理', 'onlinemanager/list.do', '1', '5', 'menu-icon fa fa-laptop green', '1', '1'), ('21', '打印测试', 'tool/printTest.do', '9', '7', 'menu-icon fa fa-hdd-o grey', '1', '1'), ('36', '角色(基础权限)', 'role.do', '2', '1', 'menu-icon fa fa-key orange', '1', '1'), ('37', '按钮权限', 'buttonrights/list.do', '2', '2', 'menu-icon fa fa-key green', '1', '1'), ('38', '菜单管理', 'menu/listAllMenu.do', '1', '3', 'menu-icon fa fa-folder-open-o brown', '1', '1'), ('39', '按钮管理', 'fhbutton/list.do', '1', '2', 'menu-icon fa fa-download orange', '1', '1'), ('40', '用户管理', '#', '0', '7', 'menu-icon fa fa-users blue', '2', '1'), ('41', '系统用户', 'user/listUsers.do', '40', '1', 'menu-icon fa fa-users green', '1', '1'), ('42', '会员管理', 'happuser/listUsers.do', '40', '2', 'menu-icon fa fa-users orange', '1', '1'), ('43', '数据字典', 'dictionaries/listAllDict.do?DICTIONARIES_ID=0', '1', '4', 'menu-icon fa fa-book purple', '1', '1'), ('44', '代码生成器', 'createCode/list.do', '9', '0', 'menu-icon fa fa-cogs brown', '1', '1'), ('48', '图表报表', ' tool/fusionchartsdemo.do', '9', '5', 'menu-icon fa fa-bar-chart-o black', '1', '1'), ('50', '站内信', 'fhsms/list.do', '6', '2', 'menu-icon fa fa-envelope green', '1', '1'), ('51', '图片列表', 'pictures/list.do', '7', '1', 'menu-icon fa fa-folder-open-o green', '1', '1'), ('52', '图片爬虫', 'pictures/goImageCrawler.do', '7', '2', 'menu-icon fa fa-cloud-download green', '1', '1'), ('53', '表单构建器', 'tool/goFormbuilder.do', '9', '1', 'menu-icon fa fa-leaf black', '1', '1'), ('54', '数据库管理', '#', '0', '12', 'menu-icon fa fa-hdd-o blue', '2', '1'), ('55', '数据库备份', 'brdb/listAllTable.do', '54', '1', 'menu-icon fa fa-cloud-upload blue', '1', '1'), ('56', '数据库还原', 'brdb/list.do', '54', '3', 'menu-icon fa fa-cloud-download blue', '1', '1'), ('57', '备份定时器', 'timingbackup/list.do', '54', '2', 'menu-icon fa fa-tachometer blue', '1', '1'), ('58', 'SQL编辑器', 'sqledit/view.do', '54', '4', 'menu-icon fa fa-pencil-square-o blue', '1', '1'), ('59', 'OA办公', '#', '0', '8', 'menu-icon fa fa-laptop pink', '2', '1'), ('60', '组织机构', 'department/listAllDepartment.do?DEPARTMENT_ID=0', '59', '1', 'menu-icon fa fa-users green', '1', '1'), ('61', '测试菜单bbj', 'bbj/list.do', '22', '2', 'menu-icon fa fa-leaf black', '1', '1'), ('63', '商品管理', '#', '0', '2', 'menu-icon fa fa-camera-retro black', '2', '1'), ('66', '基础设置', '#', '0', '1', 'menu-icon fa fa-credit-card black', '2', '1'), ('67', '订单管理', '#', '0', '4', 'menu-icon fa fa-cutlery black', '2', '1'), ('68', '营销管理', '#', '0', '3', 'menu-icon fa fa-film black', '2', '1'), ('69', '报表管理', '#', '0', '5', 'menu-icon fa fa-bar-chart-o black', '2', '1'), ('70', '类别管理', '#', '63', '1', 'menu-icon fa fa-cloud black', '1', '1'), ('71', '轮播广告', 'pc/marketing/getIndexShowList.do', '68', '1', 'menu-icon fa fa-leaf black', '1', '1'), ('92', '添加类别', 'pc/product/gotoProductTable.do', '70', '1', 'menu-icon fa fa-adjust black', '1', '1'), ('93', '类别状态', 'pc/product/gotoProductType.do', '70', '2', 'menu-icon fa fa-adjust black', '1', '1'), ('94', '产品管理', '#', '63', '2', 'menu-icon fa fa-cloud black', '1', '1'), ('96', '上传产品', 'pc/product/gotoUploadProduct.do', '94', '2', 'menu-icon fa fa-adjust black', '1', '1'), ('97', '类别结构', 'pc/product/getProductConstructionTree.do', '70', '3', 'menu-icon fa fa-adjust black', '1', '1'), ('100', '参数项', 'param/list.do', '1', '4', 'menu-icon fa fa-leaf black', '1', '1'), ('102', '主题活动', '#', '68', '1', 'menu-icon fa fa-leaf black', '1', '1'), ('103', '一元云购', '#', '102', '1', 'menu-icon fa fa-leaf black', '1', '1'), ('104', '限时抢购', 'pc/marketing/getActiveList.do?active_type=ACTIVE_TYPE_XSQG', '102', '2', 'menu-icon fa fa-leaf black', '1', '1'), ('107', '物流运费', '#', '66', '1', 'menu-icon fa fa-leaf black', '1', '1'), ('108', '订单运费', 'LF/orderfreight.do', '107', '1', 'menu-icon fa fa-leaf black', '1', '1'), ('109', '支付配置', 'paycenter/list.do', '66', '2', 'menu-icon fa fa-leaf black', '1', '1'), ('110', '优惠活动', 'pc/marketing/getMeetPicList.do', '68', '3', 'menu-icon fa fa-leaf black', '1', '1'), ('111', '精致单品', 'pc/marketing/getDelicacyList.do', '68', '4', 'menu-icon fa fa-leaf black', '1', '1'), ('112', '楼层维护', 'pc/marketing/getFloorList.do', '68', '5', 'menu-icon fa fa-leaf black', '1', '1'), ('115', '产品列表', 'pc/product/getProductList.do', '94', '3', 'menu-icon fa fa-leaf black', '1', '1'), ('116', '类别属性', 'pc/product/getProductAttributeTree.do', '70', '4', 'menu-icon fa fa-leaf black', '1', '1'), ('117', '小二专题', 'pc/marketing/getActiveList.do?active_type=ACTIVE_TYPE_XEZT', '102', '3', 'menu-icon fa fa-leaf black', '1', '1'), ('118', '新品特惠', 'pc/marketing/getActiveList.do?active_type=ACTIVE_TYPE_XPTH', '102', '4', 'menu-icon fa fa-leaf black', '1', '1'), ('119', '财务报表', 'pc/report/finance.do', '69', '2', 'menu-icon fa fa-leaf black', '1', '1'), ('120', '全部订单', 'pc/order/orderlist.do', '67', '1', 'menu-icon fa fa-leaf black', '1', '1'), ('122', '售后服务', '#', '59', '2', 'menu-icon fa fa-leaf black', '1', '1'), ('125', '注册网络服务协议配置', 'pc/content/RWSPC.do', '66', '3', 'menu-icon fa fa-leaf black', '1', '1'), ('126', '关于我们配置', 'pc/content/aboutus.do', '66', '4', 'menu-icon fa fa-leaf black', '1', '1'), ('127', '订单审批', 'pc/approval/main.do', '59', '3', 'menu-icon fa fa-leaf black', '1', '1'), ('128', '投诉建议管理', 'pc/feeback/main.do', '59', '4', 'menu-icon fa fa-leaf black', '1', '1'), ('129', '商品销售报表', '#', '69', '1', 'menu-icon fa fa-leaf black', '1', '1'), ('130', '商品销售汇总', 'pc/report/saleSum.do', '129', '1', 'menu-icon fa fa-leaf black', '1', '1'), ('131', '商品销售明细', 'pc/report/saleDetail.do', '129', '2', 'menu-icon fa fa-leaf black', '1', '1'), ('132', '商品退款汇总', 'pc/report/refundSum.do', '129', '3', 'menu-icon fa fa-leaf black', '1', '1'), ('133', '商品退款明细', 'pc/report/refundDetail.do', '129', '4', 'menu-icon fa fa-leaf black', '1', '1'), ('134', '待付款订单', 'pc/order/forthepaymentorderlist.do', '67', '2', 'menu-icon fa fa-leaf black', '1', '1'), ('135', '待发货订单', 'pc/order/tosendthegoodsorderlist.do', '67', '3', 'menu-icon fa fa-leaf black', '1', '1'), ('136', '退货中订单', 'pc/order/returnorderlist.do', '67', '4', 'menu-icon fa fa-leaf black', '1', '1'), ('137', '换货中订单', 'pc/order/exchangeorderlist.do', '67', '5', 'menu-icon fa fa-leaf black', '1', '1');
COMMIT;

-- ----------------------------
-- Records of sys_param
-- ----------------------------
BEGIN;
INSERT INTO `sys_param` VALUES ('09c2373bd0fe483a8d7dc11e6d866bda', 'EASEMOB_APP_NAME', '', '环信APP名称'), ('0a2cad8b970f4b74948d6fee87de92a8', 'WX_PARTNER_KEY', '', '微信商户密钥'), ('0b22af29fed94f119f1f6d4b722b66d7', 'ALIPAY_INPUT_CHARSET', 'utf-8', '支付宝字符编码格式'), ('108b95d4730646e0a2f90ca9048f5aa3', 'JPUSH_SECRET', '', '极光推送secret'), ('236854de3fce4418bd6dc05cb374fbbe', 'WX_NOTIFY_URL', 'http://demo.ecapp.cc/mec/pay/wxpay/payConfirm', '微信支付回调地址'), ('253cabb2334c41058a310b475e2575ad', 'JPUSH_APPKEY', '', '极光推送appKey'), ('2d3d94e8b8ab48e6888a93edb48e6ed7', 'BROWSE_NUM', '40', '最多保存的最近浏览数量'), ('2d9e38c4566941e59cf29e30bd81bf14', 'KUAIDI100_KEY', '', '快递100的授权key'), ('32a47704987d46b3880507bcfd4eb46b', 'WX_CERT', 'apiclient_cert.p12', '微信商户证书'), ('34d60938edfd4e1899e5fa05c728b82e', 'WX_REFUND_URL', 'https://api.mch.weixin.qq.com/secapi/pay/refund', '微信申请退款接口地址'), ('35e386b064ae4129b1039987b6bb28c6', 'WX_PARTNER', '', '微信商户ID'), ('3983a74f5bad44abb276589758cab612', 'KUAIDI100', 'http://api.kuaidi100.com/api', '快递100接口地址'), ('3f8b17fd87f24578b3e909050adc7e82', 'ALIPAY_SIGN_TYPE', 'RSA', '支付宝签名方式'), ('44d7bc5b08e940919a649cfe9dcb7b4d', 'LUCENE_INDEX_PATH_2', '/web/mec_project/lucene_index/pro_index_2', '产品索引文件存放目录2'), ('46f4efc862aa4750a12d78e5d6ba2cce', 'SMS_APPSERVER_PORT', '8883', '云通讯发送短信端口（根据对应的环境修改测试/生产）'), ('4a5d4a187b3643e988511668ce170379', 'WX_PAY_CONFIG', 'wxPayConfig', '微信支付配置'), ('5c325a25daae4341a694a2ea5745529b', 'EASEMOB_CLIENT_SECRE', '', '环信CLIENT_SECRET'), ('5e5e976b0dfa414bb8523637625d5460', 'SMS_APPSERVER_URL', 'app.cloopen.com', '云通讯发送短信REST URL（根据对应的环境修改测试/生产）sandbox.cloopen.com/app.cloopen.com'), ('6cc68f5d494f40e5a4eb0a0fb8b4940d', 'SMS_AUTH_TOKEN', '', '云通讯AUTH TOKEN（根据对应的账户修改）'), ('786d4f4c3ec74eb4b4362b6b2c2ed503', 'HOTLINE', '', '客服热线'), ('78dea1f7c3644517b605b75505f49a92', 'WX_APP_ID', '', '微信应用ID'), ('7bb6994ccafd463192cc2b02dbf327c6', 'ALIPAY_REFUND_NOTIFY', 'http://demo.ecapp.cc/mec/pay/alipay/refundNotifyUrl', '支付宝退款回调跳转异步通知路径'), ('7c9b375101714d8c95362412591529db', 'ALIPAY_PRIVATE_KEY', '', '商家的支付宝密钥'), ('7d0f12efd8d44138a6d12c1a55befad3', 'WX_PAY_URL', 'https://api.mch.weixin.qq.com/pay/unifiedorder', '微信统一下单接口地址'), ('8c295cc753a94a90afa786eadfc1b945', 'SMS_TL_AUTH_CODE', '', '店小二短信验证码模板ID'), ('90ababf500a34820bfc42fc11ce62392', 'ALIPAY_PARTNER', '', '支付宝合作身份者ID'), ('9fb3fbee66fe468d858f454b24bc9348', 'RES_DIR', '/web/mec_project/res/', '静态资源存放目录'), ('a290cc8031914438975781ef3dd639ad', 'EASEMOB_TOKEN', '', '环信token'), ('a4859b5cd65f47a3ab401369ba5b0059', 'LUCENE_UPDATE_TIME', '0 0 0/1 * * ? *', '产品索引文件交叉更新时间cron表达式'), ('a527bf1cafca480ca5cd94733ba167fa', 'ALIPAY_LOG_PATH', '/', '支付宝日志文件夹'), ('addebc9a9b5f42bc8bc0f11f687898bc', 'JPUSH_ENV', 'false', '极光推送环境(主要影响IOS打包的环境false：开发,true：生产)'), ('beaaebb37c6549e8a98f3a36cdda2519', 'ALIPAY_NOTIFY_URL', 'http://demo.ecapp.cc/mec/pay/alipay/notifyUrl', 'app支付宝支付回调跳转异步通知路径'), ('c2849ab017f14337a29468f6b6c7744d', 'EASEMOB_URL', 'https://a1.easemob.com', '环信URL'), ('caab9d9c7b7b4b02833fe77333a4f803', 'API_SECRET', '$t%rGvFb', '服务端密钥，用于服务器和app端的通讯校验'), ('cff9ce9673ae4db3870d201aeb90db7b', 'PAYMENT_TYPE', '1', '支付宝支付类型'), ('d028e6091cb946a599c644b7d57f7439', 'ALIPAY_RETURN_URL', 'http://demo.ecapp.cc/mec/pay/alipay/returnUrl', '页面跳转同步通知页面路径'), ('d06428b8b26a4901820ae88b581c0c1a', 'ALIPAY_SELLER_EMAIL', '', '收款支付宝账号，一般情况下收款账号就是签约账号'), ('d923f22fc6b04997bbdd0220dbc90143', 'WX_APP_SERCERT', '', '微信应用密钥'), ('da027e173038493d9024e8a44f3dad46', 'EASEMOB_ORG_NAME', '', '环信登录账号'), ('ded42df92f8f4c69a3f01d087e2cde3f', 'LUCENE_INDEX_PATH_1', '/web/mec_project/lucene_index/pro_index_1', '产品索引文件存放目录1'), ('e83235d8d77d4f77ab39029f12ec798e', 'SMS_APP_ID', '', '云通讯APP_ID（根据对应的app修改）'), ('e90d8f7e5fc34ad2a80a914d0e9c5b7e', 'JPUSH_URL', 'https://api.jpush.cn/v3/push', '极光推送URL'), ('ecb0bdcf17d64ad18da3381d0c0b52d1', 'EASEMOB_CLIENTID', '', '环信client id'), ('fa3dc3f406fc4a94b85acdeb6348ff74', 'SMS_ACCOUNT_SID', '', '云通讯ACCOUNT_SID（根据对应的账户修改）'), ('faf4506a4a5549548ee38e67ac684c04', 'WX_LOCAL_IP', '', '微信支付外网IP');
COMMIT;

-- ----------------------------
-- Records of sys_role
-- ----------------------------
BEGIN;
INSERT INTO `sys_role` VALUES ('1', '系统管理组', '348414552520144364955542508668201176391622', '0', '1', '1', '1', '1'), ('115b386ff04f4352b060dffcd2b5d1da', '中级会员', '498', '2', '0', '0', '0', '0'), ('1b67fc82ce89457a8347ae53e43a347e', '初级会员', '498', '2', '0', '0', '0', '0'), ('2', '会员组', '498', '0', '0', '0', '0', '1'), ('3264c8e83d0248bb9e3ea6195b4c0216', '系统管理员', '348414552520144364955542508668201176391622', '1', '134225456151979225479336019938500550', '40279597822254645565146849066606534', '515740463632197958916636239733020680134', '128945374687444489610467562009258876870'), ('49f11815304e42dfb6d2f3bcfc67db16', '业务管理员', '348414552520144364955542499643409735605190', '1', '', '0', '0', '348414552520144364955542499361178844650434'), ('6cff4899a88e4cec97acd75d7d824240', '在线客服', '348414552520144364955542508668201176391622', '1', '0', '0', '0', '0'), ('8b70a7e67f2841e7aaba8a4d92e5ff6f', '高级会员', '498', '2', '0', '0', '0', '0');
COMMIT;

-- ----------------------------
-- Records of sys_role_fhbutton
-- ----------------------------
BEGIN;
INSERT INTO `sys_role_fhbutton` VALUES ('01bca8d2396c432d99d5d97033e3c905', '3264c8e83d0248bb9e3ea6195b4c0216', '211d98182f024dc19e80953192ee6a8b'), ('021d3943a4fa412e854cb257df6dd666', '3264c8e83d0248bb9e3ea6195b4c0216', '230261ea24914d87b636a5361ebb9519'), ('06c26f96e5264b8bbef07d35d66968f3', '3264c8e83d0248bb9e3ea6195b4c0216', 'e394c9efc5824873af83c5fd8857353f'), ('09a697c2685947b5ae91245874cd211d', '115b386ff04f4352b060dffcd2b5d1da', '5fbab059d47347738cc3183be7708277'), ('115c0e6f68b04973b0980bd623a4bfd1', '3264c8e83d0248bb9e3ea6195b4c0216', 'e8f663851eb64be791719b6c34d470d1'), ('1b9a4cfdaa014d5b8699921d49f92bba', '3264c8e83d0248bb9e3ea6195b4c0216', '4f928dca282f4561b7025dd2d3fa535d'), ('2d8838772582458381a505dd0c0f2b57', '8b70a7e67f2841e7aaba8a4d92e5ff6f', '5fbab059d47347738cc3183be7708277'), ('2f24327790104b78886aa42dff1b6938', '115b386ff04f4352b060dffcd2b5d1da', '3542adfbda73410c976e185ffe50ad06'), ('315f4f9ae0c44f9e99d97b3c99f7a645', '3264c8e83d0248bb9e3ea6195b4c0216', 'b61c3642aa0043b5a7104019e2bfacb2'), ('35d99985b982428db5c00db313f72459', '115b386ff04f4352b060dffcd2b5d1da', '4593eeb4adb24fa28dd11ed94ba3f5ba'), ('39b87e46a2ce477c811bfd427bfe427a', '3264c8e83d0248bb9e3ea6195b4c0216', '1315f61e1d7440c1830aa93a59b5d3a4'), ('44135cf958734c869f843e35f70b32af', '1b67fc82ce89457a8347ae53e43a347e', '4593eeb4adb24fa28dd11ed94ba3f5ba'), ('442b69007c9d4724bfaea1b70bdaf015', '3264c8e83d0248bb9e3ea6195b4c0216', 'b94ab3556a404e67bc0616674e5848e4'), ('44aeeae6ffb84858b9a6bab8e1f2142d', '3264c8e83d0248bb9e3ea6195b4c0216', '6ad6e8d4a93a4683881a6a454fdbdb5c'), ('48a50caa5f83461ea374012e79405953', '3264c8e83d0248bb9e3ea6195b4c0216', '1234fad0715d4726aa1d847f5b68c371'), ('4a87ad92ecff4c63bdd454ff5323f861', '3264c8e83d0248bb9e3ea6195b4c0216', '3542adfbda73410c976e185ffe50ad06'), ('6444f7a6834747d5acd8b1df0e57ee45', '3264c8e83d0248bb9e3ea6195b4c0216', '3822d7f548e44d0a83d61b4441984038'), ('651b479e429d479ebcf42024220b7d3f', '3264c8e83d0248bb9e3ea6195b4c0216', 'b94ab3556a404e67bc0616674e5848e4'), ('659d93fbf92842b2bb2290f16f8f8769', '49f11815304e42dfb6d2f3bcfc67db16', 'b6bc284aa45b4ed79d70cdcf2ea64bb1'), ('66bf7da32d8c422593348e4d2e12ff3d', '3264c8e83d0248bb9e3ea6195b4c0216', 'b6bc284aa45b4ed79d70cdcf2ea64bb1'), ('679515b09c52434cb5881e41a6428944', '3264c8e83d0248bb9e3ea6195b4c0216', '348af82aadb446459289ba07197bae00'), ('67da885625a542d89f215148917c497a', '49f11815304e42dfb6d2f3bcfc67db16', '0ab1634a196b4228ba8f8a8fb8c0c11c'), ('834b161bc25c41c0b0750c2d9717ebaf', '49f11815304e42dfb6d2f3bcfc67db16', '348af82aadb446459289ba07197bae00'), ('87ec48c088d7469fa5160478512dbbf1', '3264c8e83d0248bb9e3ea6195b4c0216', '2f49d24bbad04bf7951b61a92b6a4d88'), ('88c3003f6c784bca899e16e4a0e3d9b1', '3264c8e83d0248bb9e3ea6195b4c0216', 'cc51b694d5344d28a9aa13c84b7166cd'), ('8cad462bc9074b58b7ab11e8bfa179c7', '3264c8e83d0248bb9e3ea6195b4c0216', '9a833b6040514a9e93d689e26a02d431'), ('8f7ba9bed928456ca865c6b4e895e5da', '8b70a7e67f2841e7aaba8a4d92e5ff6f', '4593eeb4adb24fa28dd11ed94ba3f5ba'), ('975517085cc745fdae6fa715ece2df99', '3264c8e83d0248bb9e3ea6195b4c0216', 'ea24f51c02544c7790e1847e14904acf'), ('9a199215d68d4685acc2a7e9c7c2ec11', '3264c8e83d0248bb9e3ea6195b4c0216', 'f9984c199e17493d95cb6b8a1337d242'), ('9cf52929b6324f499968567b6fb68ea2', '8b70a7e67f2841e7aaba8a4d92e5ff6f', '3542adfbda73410c976e185ffe50ad06'), ('9dc636842a3b4bf0898a3bdd1532edb4', '3264c8e83d0248bb9e3ea6195b4c0216', '935757810eda411888926ded95f1f93f'), ('9e017648f6a849a0ae314747b9b8a506', '3264c8e83d0248bb9e3ea6195b4c0216', 'bab9470a1d88445d8641975a1ea867b2'), ('a37786f41f7346fdb96e6fd1b7a7d82c', '3264c8e83d0248bb9e3ea6195b4c0216', 'a4c179cb8663467db7c3fe0a34af1d6a'), ('a5fa6f66d5714917972a088ed74e9136', '3264c8e83d0248bb9e3ea6195b4c0216', '9be472dbbcbc4f9b86dea36979c28e51'), ('ad6f0e61b4d64f20821ae359ec6996ab', '3264c8e83d0248bb9e3ea6195b4c0216', 'dee3da54e9cf4fdcb24c402ae1b2839e'), ('b336a3b576204f059bcd332e8e241ec8', '3264c8e83d0248bb9e3ea6195b4c0216', 'e4a3967a0e914c03afc9047122561523'), ('c0261dbe0f0d4538bdc46bd9229a73a7', '3264c8e83d0248bb9e3ea6195b4c0216', '4593eeb4adb24fa28dd11ed94ba3f5ba'), ('d13b34a3f484435589a4908657aca530', '3264c8e83d0248bb9e3ea6195b4c0216', '4fcd3e8cc6464588987f7016786f98b7'), ('d55968621ca24c229fa5e1d8c932d6e9', '3264c8e83d0248bb9e3ea6195b4c0216', '46992ea280ba4b72b29dedb0d4bc0106'), ('dd36744085b84087898d4f190f6d6da1', '3264c8e83d0248bb9e3ea6195b4c0216', '777f80a62d764695a5e7c5ab6f1f8add'), ('e0679863efdf42f49c11451a51c851b2', '3264c8e83d0248bb9e3ea6195b4c0216', '4a26827d4f7449d48aafd753147cfa9c'), ('e9bd5a7ce80546ba845667b18c5bed7e', '1b67fc82ce89457a8347ae53e43a347e', '5fbab059d47347738cc3183be7708277'), ('eee2559036b9427c81f6b909ffc1a219', '3264c8e83d0248bb9e3ea6195b4c0216', 'e1dcf071a6a34d7b9a86ba6694b43e80'), ('f277b45ec55843eca7070cfaf01bad6f', '3264c8e83d0248bb9e3ea6195b4c0216', '0ab1634a196b4228ba8f8a8fb8c0c11c'), ('f302d432a9a546b08904e2456fb68ffd', '3264c8e83d0248bb9e3ea6195b4c0216', '32248e62ae364975bdcce540f6e38ef3'), ('f6c8e1576bd0499abad1495b647720a0', '3264c8e83d0248bb9e3ea6195b4c0216', '5fbab059d47347738cc3183be7708277'), ('fa39f1cf5bd645989b80672334963879', '3264c8e83d0248bb9e3ea6195b4c0216', '536572d2c70142f197f84fbdff9bbfd8'), ('fbdeb6656e404ea7abf1f4afbddd9bec', '3264c8e83d0248bb9e3ea6195b4c0216', 'fe7d77bcfeed43d8b8c61e38f679591d'), ('fbe1fcdd1e0f4e90bb8f599dcea04fb5', '3264c8e83d0248bb9e3ea6195b4c0216', '7526b778e3ee448ca6b8d229f6a9b2b2');
COMMIT;
